{"cameraMode":{"drawMode":0,"name":"Shaded","section":"Shading Mode"},"sceneLighting":false,"audioPlay":false,"sceneViewState":{"m_AlwaysRefresh":false,"showFog":true,"showSkybox":false,"showFlares":true,"showImageEffects":true,"showParticleSystems":true,"showVisualEffectGraphs":true,"m_FxEnabled":true},"in2DMode":false,"pivot":{"x":0.1483149528503418,"y":2.1255249977111818,"z":-4.76837158203125e-7},"rotation":{"x":-0.030049609020352365,"y":0.9107262492179871,"z":-0.06734257936477661,"w":-0.40637627243995669},"size":3.8266897201538088,"orthographic":false}